DistributionCenter_ID,Zip,Total_Orders_Shipped,Total_Orders_Returned,Total_Orders_Delayed_Delivery,relationship
DistributionCenter_1,60651,0,0,0,SHIPS_TO
DistributionCenter_1,60697,0,0,0,SHIPS_TO
DistributionCenter_1,60667,0,0,0,SHIPS_TO
DistributionCenter_1,60694,0,0,0,SHIPS_TO
DistributionCenter_1,60684,0,0,0,SHIPS_TO
DistributionCenter_1,60644,0,0,0,SHIPS_TO
DistributionCenter_1,60668,0,0,0,SHIPS_TO
DistributionCenter_1,60646,0,0,0,SHIPS_TO
DistributionCenter_2,60654,0,0,0,SHIPS_TO
DistributionCenter_2,60683,0,0,0,SHIPS_TO
DistributionCenter_2,60616,0,0,0,SHIPS_TO
DistributionCenter_2,60647,0,0,0,SHIPS_TO
DistributionCenter_2,60606,0,0,0,SHIPS_TO
DistributionCenter_2,60623,0,0,0,SHIPS_TO
DistributionCenter_2,60663,0,0,0,SHIPS_TO
DistributionCenter_2,60609,0,0,0,SHIPS_TO
DistributionCenter_2,60660,0,0,0,SHIPS_TO
DistributionCenter_2,60615,0,0,0,SHIPS_TO
DistributionCenter_2,60622,0,0,0,SHIPS_TO
DistributionCenter_3,60625,0,0,0,SHIPS_TO
DistributionCenter_3,60649,0,0,0,SHIPS_TO
DistributionCenter_3,60673,0,0,0,SHIPS_TO
DistributionCenter_3,60655,0,0,0,SHIPS_TO
DistributionCenter_3,60641,0,0,0,SHIPS_TO
DistributionCenter_3,60679,0,0,0,SHIPS_TO
DistributionCenter_3,60636,0,0,0,SHIPS_TO
DistributionCenter_3,60657,0,0,0,SHIPS_TO
DistributionCenter_3,60618,0,0,0,SHIPS_TO
DistributionCenter_3,60677,0,0,0,SHIPS_TO
DistributionCenter_4,60628,0,0,0,SHIPS_TO
DistributionCenter_4,60608,0,0,0,SHIPS_TO
DistributionCenter_4,60653,0,0,0,SHIPS_TO
DistributionCenter_4,60685,0,0,0,SHIPS_TO
DistributionCenter_4,60614,0,0,0,SHIPS_TO
DistributionCenter_4,60664,0,0,0,SHIPS_TO
DistributionCenter_4,60607,0,0,0,SHIPS_TO
DistributionCenter_5,60659,0,0,0,SHIPS_TO
DistributionCenter_5,60665,0,0,0,SHIPS_TO
DistributionCenter_5,60631,0,0,0,SHIPS_TO
DistributionCenter_5,60672,0,0,0,SHIPS_TO
DistributionCenter_5,60701,0,0,0,SHIPS_TO
DistributionCenter_5,60691,0,0,0,SHIPS_TO
DistributionCenter_5,60699,0,0,0,SHIPS_TO
DistributionCenter_5,60632,0,0,0,SHIPS_TO
DistributionCenter_5,60603,0,0,0,SHIPS_TO
DistributionCenter_6,60613,0,0,0,SHIPS_TO
DistributionCenter_6,60629,0,0,0,SHIPS_TO
DistributionCenter_6,60692,0,0,0,SHIPS_TO
DistributionCenter_6,60639,0,0,0,SHIPS_TO
DistributionCenter_6,60674,0,0,0,SHIPS_TO
DistributionCenter_6,60650,0,0,0,SHIPS_TO
DistributionCenter_6,60680,0,0,0,SHIPS_TO
DistributionCenter_6,60640,0,0,0,SHIPS_TO
DistributionCenter_6,60690,0,0,0,SHIPS_TO
DistributionCenter_6,60624,0,0,0,SHIPS_TO
DistributionCenter_6,60620,0,0,0,SHIPS_TO
DistributionCenter_6,60604,0,0,0,SHIPS_TO
DistributionCenter_6,60652,0,0,0,SHIPS_TO
DistributionCenter_6,60634,0,0,0,SHIPS_TO
DistributionCenter_7,60602,0,0,0,SHIPS_TO
DistributionCenter_7,60621,0,0,0,SHIPS_TO
DistributionCenter_7,60612,0,0,0,SHIPS_TO
DistributionCenter_7,60675,0,0,0,SHIPS_TO
DistributionCenter_7,60619,0,0,0,SHIPS_TO
DistributionCenter_7,60630,0,0,0,SHIPS_TO
DistributionCenter_7,60687,0,0,0,SHIPS_TO
DistributionCenter_7,60669,0,0,0,SHIPS_TO
DistributionCenter_8,60617,0,0,0,SHIPS_TO
DistributionCenter_8,60678,0,0,0,SHIPS_TO
DistributionCenter_8,60671,0,0,0,SHIPS_TO
DistributionCenter_8,60681,0,0,0,SHIPS_TO
DistributionCenter_8,60661,0,0,0,SHIPS_TO
DistributionCenter_9,60610,0,0,0,SHIPS_TO
DistributionCenter_9,60637,0,0,0,SHIPS_TO
DistributionCenter_9,60633,0,0,0,SHIPS_TO
DistributionCenter_9,60638,0,0,0,SHIPS_TO
DistributionCenter_10,60611,0,0,0,SHIPS_TO
DistributionCenter_10,60605,0,0,0,SHIPS_TO
DistributionCenter_10,60626,0,0,0,SHIPS_TO
DistributionCenter_10,60643,0,0,0,SHIPS_TO
DistributionCenter_10,60656,0,0,0,SHIPS_TO
DistributionCenter_11,60693,0,0,0,SHIPS_TO
DistributionCenter_11,60670,0,0,0,SHIPS_TO
DistributionCenter_11,60601,0,0,0,SHIPS_TO
DistributionCenter_11,60645,0,0,0,SHIPS_TO
DistributionCenter_12,10072,0,0,0,SHIPS_TO
DistributionCenter_12,10166,0,0,0,SHIPS_TO
DistributionCenter_12,10268,0,0,0,SHIPS_TO
DistributionCenter_12,10012,0,0,0,SHIPS_TO
DistributionCenter_12,10094,0,0,0,SHIPS_TO
DistributionCenter_12,10259,0,0,0,SHIPS_TO
DistributionCenter_12,10039,0,0,0,SHIPS_TO
DistributionCenter_12,10138,0,0,0,SHIPS_TO
DistributionCenter_13,10160,0,0,0,SHIPS_TO
DistributionCenter_13,10422,0,0,0,SHIPS_TO
DistributionCenter_13,10149,0,0,0,SHIPS_TO
DistributionCenter_13,10040,0,0,0,SHIPS_TO
DistributionCenter_13,10017,0,0,0,SHIPS_TO
DistributionCenter_13,10099,0,0,0,SHIPS_TO
DistributionCenter_13,10123,0,0,0,SHIPS_TO
DistributionCenter_13,10168,0,0,0,SHIPS_TO
DistributionCenter_13,10048,0,0,0,SHIPS_TO
DistributionCenter_13,10121,0,0,0,SHIPS_TO
DistributionCenter_13,10110,0,0,0,SHIPS_TO
DistributionCenter_14,10177,0,0,0,SHIPS_TO
DistributionCenter_14,10007,0,0,0,SHIPS_TO
DistributionCenter_14,10276,0,0,0,SHIPS_TO
DistributionCenter_14,10037,0,0,0,SHIPS_TO
DistributionCenter_14,10026,0,0,0,SHIPS_TO
DistributionCenter_14,10250,0,0,0,SHIPS_TO
DistributionCenter_14,10130,0,0,0,SHIPS_TO
DistributionCenter_14,10060,0,0,0,SHIPS_TO
DistributionCenter_14,10102,0,0,0,SHIPS_TO
DistributionCenter_14,10176,0,0,0,SHIPS_TO
DistributionCenter_14,10118,0,0,0,SHIPS_TO
DistributionCenter_14,10116,0,0,0,SHIPS_TO
DistributionCenter_14,10081,0,0,0,SHIPS_TO
DistributionCenter_14,10163,0,0,0,SHIPS_TO
DistributionCenter_14,10109,0,0,0,SHIPS_TO
DistributionCenter_14,10080,0,0,0,SHIPS_TO
DistributionCenter_14,10029,0,0,0,SHIPS_TO
DistributionCenter_14,10044,0,0,0,SHIPS_TO
DistributionCenter_15,10010,0,0,0,SHIPS_TO
DistributionCenter_15,10119,0,0,0,SHIPS_TO
DistributionCenter_15,10122,0,0,0,SHIPS_TO
DistributionCenter_15,10114,0,0,0,SHIPS_TO
DistributionCenter_15,10131,0,0,0,SHIPS_TO
DistributionCenter_15,10011,0,0,0,SHIPS_TO
DistributionCenter_15,10203,0,0,0,SHIPS_TO
DistributionCenter_15,10018,0,0,0,SHIPS_TO
DistributionCenter_16,10016,0,0,0,SHIPS_TO
DistributionCenter_16,10159,0,0,0,SHIPS_TO
DistributionCenter_16,10278,0,0,0,SHIPS_TO
DistributionCenter_16,10126,0,0,0,SHIPS_TO
DistributionCenter_16,10281,0,0,0,SHIPS_TO
DistributionCenter_16,10256,0,0,0,SHIPS_TO
DistributionCenter_16,10014,0,0,0,SHIPS_TO
DistributionCenter_17,10106,0,0,0,SHIPS_TO
DistributionCenter_17,10117,0,0,0,SHIPS_TO
DistributionCenter_17,10242,0,0,0,SHIPS_TO
DistributionCenter_17,10125,0,0,0,SHIPS_TO
DistributionCenter_17,10034,0,0,0,SHIPS_TO
DistributionCenter_17,10038,0,0,0,SHIPS_TO
DistributionCenter_17,10154,0,0,0,SHIPS_TO
DistributionCenter_18,10172,0,0,0,SHIPS_TO
DistributionCenter_18,10199,0,0,0,SHIPS_TO
DistributionCenter_18,10292,0,0,0,SHIPS_TO
DistributionCenter_18,10023,0,0,0,SHIPS_TO
DistributionCenter_18,10035,0,0,0,SHIPS_TO
DistributionCenter_18,10261,0,0,0,SHIPS_TO
DistributionCenter_18,10013,0,0,0,SHIPS_TO
DistributionCenter_18,10129,0,0,0,SHIPS_TO
DistributionCenter_18,10004,0,0,0,SHIPS_TO
DistributionCenter_19,10152,0,0,0,SHIPS_TO
DistributionCenter_19,10132,0,0,0,SHIPS_TO
DistributionCenter_19,10031,0,0,0,SHIPS_TO
DistributionCenter_19,10257,0,0,0,SHIPS_TO
DistributionCenter_19,10020,0,0,0,SHIPS_TO
DistributionCenter_19,10280,0,0,0,SHIPS_TO
DistributionCenter_19,10022,0,0,0,SHIPS_TO
DistributionCenter_19,10171,0,0,0,SHIPS_TO
DistributionCenter_19,10111,0,0,0,SHIPS_TO
DistributionCenter_19,10197,0,0,0,SHIPS_TO
DistributionCenter_19,10274,0,0,0,SHIPS_TO
DistributionCenter_19,10006,0,0,0,SHIPS_TO
DistributionCenter_19,10196,0,0,0,SHIPS_TO
DistributionCenter_19,10170,0,0,0,SHIPS_TO
DistributionCenter_19,10275,0,0,0,SHIPS_TO
DistributionCenter_19,10098,0,0,0,SHIPS_TO
DistributionCenter_19,10115,0,0,0,SHIPS_TO
DistributionCenter_20,10103,0,0,0,SHIPS_TO
DistributionCenter_20,10005,0,0,0,SHIPS_TO
DistributionCenter_20,10249,0,0,0,SHIPS_TO
DistributionCenter_20,10002,0,0,0,SHIPS_TO
DistributionCenter_20,10090,0,0,0,SHIPS_TO
DistributionCenter_20,10156,0,0,0,SHIPS_TO
DistributionCenter_20,10184,0,0,0,SHIPS_TO
DistributionCenter_20,10046,0,0,0,SHIPS_TO
DistributionCenter_20,10033,0,0,0,SHIPS_TO
DistributionCenter_20,11302,0,0,0,SHIPS_TO
DistributionCenter_21,10019,0,0,0,SHIPS_TO
DistributionCenter_21,10047,0,0,0,SHIPS_TO
DistributionCenter_21,10095,0,0,0,SHIPS_TO
DistributionCenter_21,10164,0,0,0,SHIPS_TO
DistributionCenter_21,10015,0,0,0,SHIPS_TO
DistributionCenter_21,10286,0,0,0,SHIPS_TO
DistributionCenter_21,10162,0,0,0,SHIPS_TO
DistributionCenter_21,10041,0,0,0,SHIPS_TO
DistributionCenter_21,10009,0,0,0,SHIPS_TO
DistributionCenter_21,10260,0,0,0,SHIPS_TO
DistributionCenter_21,10269,0,0,0,SHIPS_TO
DistributionCenter_21,10212,0,0,0,SHIPS_TO
DistributionCenter_21,10021,0,0,0,SHIPS_TO
DistributionCenter_21,10101,0,0,0,SHIPS_TO
DistributionCenter_21,10027,0,0,0,SHIPS_TO
DistributionCenter_22,10185,0,0,0,SHIPS_TO
DistributionCenter_22,10165,0,0,0,SHIPS_TO
DistributionCenter_22,10282,0,0,0,SHIPS_TO
DistributionCenter_22,10036,0,0,0,SHIPS_TO
DistributionCenter_22,10174,0,0,0,SHIPS_TO
DistributionCenter_22,10032,0,0,0,SHIPS_TO
DistributionCenter_22,10265,0,0,0,SHIPS_TO
DistributionCenter_22,10179,0,0,0,SHIPS_TO
DistributionCenter_22,10158,0,0,0,SHIPS_TO
DistributionCenter_22,10045,0,0,0,SHIPS_TO
DistributionCenter_22,10030,0,0,0,SHIPS_TO
DistributionCenter_22,10285,0,0,0,SHIPS_TO
DistributionCenter_22,10008,0,0,0,SHIPS_TO
DistributionCenter_22,10113,0,0,0,SHIPS_TO
DistributionCenter_22,10107,0,0,0,SHIPS_TO
DistributionCenter_23,10087,0,0,0,SHIPS_TO
DistributionCenter_23,10173,0,0,0,SHIPS_TO
DistributionCenter_23,11517,0,0,0,SHIPS_TO
DistributionCenter_23,10133,0,0,0,SHIPS_TO
DistributionCenter_23,10001,0,0,0,SHIPS_TO
DistributionCenter_23,11286,0,0,0,SHIPS_TO
DistributionCenter_23,10213,0,0,0,SHIPS_TO
DistributionCenter_24,10082,0,0,0,SHIPS_TO
DistributionCenter_24,10028,0,0,0,SHIPS_TO
DistributionCenter_24,10104,0,0,0,SHIPS_TO
DistributionCenter_24,10153,0,0,0,SHIPS_TO
DistributionCenter_24,10178,0,0,0,SHIPS_TO
DistributionCenter_24,10043,0,0,0,SHIPS_TO
DistributionCenter_24,10167,0,0,0,SHIPS_TO
DistributionCenter_24,10169,0,0,0,SHIPS_TO
DistributionCenter_24,10120,0,0,0,SHIPS_TO
DistributionCenter_25,10258,0,0,0,SHIPS_TO
DistributionCenter_25,10150,0,0,0,SHIPS_TO
DistributionCenter_25,10024,0,0,0,SHIPS_TO
DistributionCenter_25,10273,0,0,0,SHIPS_TO
DistributionCenter_25,10079,0,0,0,SHIPS_TO
DistributionCenter_25,10025,0,0,0,SHIPS_TO
DistributionCenter_25,10157,0,0,0,SHIPS_TO
DistributionCenter_25,10128,0,0,0,SHIPS_TO
DistributionCenter_25,10270,0,0,0,SHIPS_TO
DistributionCenter_25,10124,0,0,0,SHIPS_TO
DistributionCenter_25,10069,0,0,0,SHIPS_TO
DistributionCenter_25,10105,0,0,0,SHIPS_TO
DistributionCenter_26,10161,0,0,0,SHIPS_TO
DistributionCenter_26,10272,0,0,0,SHIPS_TO
DistributionCenter_26,10277,0,0,0,SHIPS_TO
DistributionCenter_26,10096,0,0,0,SHIPS_TO
DistributionCenter_26,10003,0,0,0,SHIPS_TO
DistributionCenter_27,10151,0,0,0,SHIPS_TO
DistributionCenter_27,10271,0,0,0,SHIPS_TO
DistributionCenter_27,10175,0,0,0,SHIPS_TO
DistributionCenter_27,10279,0,0,0,SHIPS_TO
DistributionCenter_27,10155,0,0,0,SHIPS_TO
DistributionCenter_27,10108,0,0,0,SHIPS_TO
DistributionCenter_27,10112,0,0,0,SHIPS_TO
DistributionCenter_27,10055,0,0,0,SHIPS_TO
DistributionCenter_27,10211,0,0,0,SHIPS_TO
DistributionCenter_28,02113,0,0,0,SHIPS_TO
DistributionCenter_28,02209,0,0,0,SHIPS_TO
DistributionCenter_28,02110,0,0,0,SHIPS_TO
DistributionCenter_28,02121,0,0,0,SHIPS_TO
DistributionCenter_28,02122,0,0,0,SHIPS_TO
DistributionCenter_28,02215,0,0,0,SHIPS_TO
DistributionCenter_28,02208,0,0,0,SHIPS_TO
DistributionCenter_28,02109,0,0,0,SHIPS_TO
DistributionCenter_28,02119,0,0,0,SHIPS_TO
DistributionCenter_28,02216,0,0,0,SHIPS_TO
DistributionCenter_29,02118,0,0,0,SHIPS_TO
DistributionCenter_29,02116,0,0,0,SHIPS_TO
DistributionCenter_29,02115,0,0,0,SHIPS_TO
DistributionCenter_29,02125,0,0,0,SHIPS_TO
DistributionCenter_29,02266,0,0,0,SHIPS_TO
DistributionCenter_29,02284,0,0,0,SHIPS_TO
DistributionCenter_29,02108,0,0,0,SHIPS_TO
DistributionCenter_29,02293,0,0,0,SHIPS_TO
DistributionCenter_29,02205,0,0,0,SHIPS_TO
DistributionCenter_30,02222,0,0,0,SHIPS_TO
DistributionCenter_30,02212,0,0,0,SHIPS_TO
DistributionCenter_30,02206,0,0,0,SHIPS_TO
DistributionCenter_30,02203,0,0,0,SHIPS_TO
DistributionCenter_30,02104,0,0,0,SHIPS_TO
DistributionCenter_30,02128,0,0,0,SHIPS_TO
DistributionCenter_31,02295,0,0,0,SHIPS_TO
DistributionCenter_31,02103,0,0,0,SHIPS_TO
DistributionCenter_31,02101,0,0,0,SHIPS_TO
DistributionCenter_31,02133,0,0,0,SHIPS_TO
DistributionCenter_31,02117,0,0,0,SHIPS_TO
DistributionCenter_31,02127,0,0,0,SHIPS_TO
DistributionCenter_31,02114,0,0,0,SHIPS_TO
DistributionCenter_32,02202,0,0,0,SHIPS_TO
DistributionCenter_32,02120,0,0,0,SHIPS_TO
DistributionCenter_32,02163,0,0,0,SHIPS_TO
DistributionCenter_32,02124,0,0,0,SHIPS_TO
DistributionCenter_32,02207,0,0,0,SHIPS_TO
DistributionCenter_32,02123,0,0,0,SHIPS_TO
DistributionCenter_32,02106,0,0,0,SHIPS_TO
DistributionCenter_32,02199,0,0,0,SHIPS_TO
DistributionCenter_32,02196,0,0,0,SHIPS_TO
DistributionCenter_32,02283,0,0,0,SHIPS_TO
DistributionCenter_33,02112,0,0,0,SHIPS_TO
DistributionCenter_33,02217,0,0,0,SHIPS_TO
DistributionCenter_33,02241,0,0,0,SHIPS_TO
DistributionCenter_33,02204,0,0,0,SHIPS_TO
DistributionCenter_33,02102,0,0,0,SHIPS_TO
DistributionCenter_33,02105,0,0,0,SHIPS_TO
DistributionCenter_33,02107,0,0,0,SHIPS_TO
DistributionCenter_33,02210,0,0,0,SHIPS_TO
DistributionCenter_33,02297,0,0,0,SHIPS_TO
DistributionCenter_33,02201,0,0,0,SHIPS_TO
DistributionCenter_33,02211,0,0,0,SHIPS_TO
DistributionCenter_33,02111,0,0,0,SHIPS_TO
DistributionCenter_34,90038,0,0,0,SHIPS_TO
DistributionCenter_34,90063,0,0,0,SHIPS_TO
DistributionCenter_34,90065,0,0,0,SHIPS_TO
DistributionCenter_34,90095,0,0,0,SHIPS_TO
DistributionCenter_34,90013,0,0,0,SHIPS_TO
DistributionCenter_35,90011,0,0,0,SHIPS_TO
DistributionCenter_35,90008,0,0,0,SHIPS_TO
DistributionCenter_35,90033,0,0,0,SHIPS_TO
DistributionCenter_35,90101,0,0,0,SHIPS_TO
DistributionCenter_36,90048,0,0,0,SHIPS_TO
DistributionCenter_36,90047,0,0,0,SHIPS_TO
DistributionCenter_36,90078,0,0,0,SHIPS_TO
DistributionCenter_37,91671,0,0,0,SHIPS_TO
DistributionCenter_37,90072,0,0,0,SHIPS_TO
DistributionCenter_37,90062,0,0,0,SHIPS_TO
DistributionCenter_37,90097,0,0,0,SHIPS_TO
DistributionCenter_37,90060,0,0,0,SHIPS_TO
DistributionCenter_37,90774,0,0,0,SHIPS_TO
DistributionCenter_37,90076,0,0,0,SHIPS_TO
DistributionCenter_38,90032,0,0,0,SHIPS_TO
DistributionCenter_38,90080,0,0,0,SHIPS_TO
DistributionCenter_38,90077,0,0,0,SHIPS_TO
DistributionCenter_38,90051,0,0,0,SHIPS_TO
DistributionCenter_38,90052,0,0,0,SHIPS_TO
DistributionCenter_38,90006,0,0,0,SHIPS_TO
DistributionCenter_38,90035,0,0,0,SHIPS_TO
DistributionCenter_38,90056,0,0,0,SHIPS_TO
DistributionCenter_38,90022,0,0,0,SHIPS_TO
DistributionCenter_38,90034,0,0,0,SHIPS_TO
DistributionCenter_38,90020,0,0,0,SHIPS_TO
DistributionCenter_38,90057,0,0,0,SHIPS_TO
DistributionCenter_38,90093,0,0,0,SHIPS_TO
DistributionCenter_38,90043,0,0,0,SHIPS_TO
DistributionCenter_38,90026,0,0,0,SHIPS_TO
DistributionCenter_38,90059,0,0,0,SHIPS_TO
DistributionCenter_39,90089,0,0,0,SHIPS_TO
DistributionCenter_39,90096,0,0,0,SHIPS_TO
DistributionCenter_39,90037,0,0,0,SHIPS_TO
DistributionCenter_39,90088,0,0,0,SHIPS_TO
DistributionCenter_39,90027,0,0,0,SHIPS_TO
DistributionCenter_39,90042,0,0,0,SHIPS_TO
DistributionCenter_39,90068,0,0,0,SHIPS_TO
DistributionCenter_40,90071,0,0,0,SHIPS_TO
DistributionCenter_40,90081,0,0,0,SHIPS_TO
DistributionCenter_40,90010,0,0,0,SHIPS_TO
DistributionCenter_40,90046,0,0,0,SHIPS_TO
DistributionCenter_40,90009,0,0,0,SHIPS_TO
DistributionCenter_40,90005,0,0,0,SHIPS_TO
DistributionCenter_40,90086,0,0,0,SHIPS_TO
DistributionCenter_40,90003,0,0,0,SHIPS_TO
DistributionCenter_40,90001,0,0,0,SHIPS_TO
DistributionCenter_41,90067,0,0,0,SHIPS_TO
DistributionCenter_41,90049,0,0,0,SHIPS_TO
DistributionCenter_41,90002,0,0,0,SHIPS_TO
DistributionCenter_41,90084,0,0,0,SHIPS_TO
DistributionCenter_41,90036,0,0,0,SHIPS_TO
DistributionCenter_41,90094,0,0,0,SHIPS_TO
DistributionCenter_41,90079,0,0,0,SHIPS_TO
DistributionCenter_41,90091,0,0,0,SHIPS_TO
DistributionCenter_42,90024,0,0,0,SHIPS_TO
DistributionCenter_42,90055,0,0,0,SHIPS_TO
DistributionCenter_42,90064,0,0,0,SHIPS_TO
DistributionCenter_42,90082,0,0,0,SHIPS_TO
DistributionCenter_42,90025,0,0,0,SHIPS_TO
DistributionCenter_42,90030,0,0,0,SHIPS_TO
DistributionCenter_42,90103,0,0,0,SHIPS_TO
DistributionCenter_43,90050,0,0,0,SHIPS_TO
DistributionCenter_43,90007,0,0,0,SHIPS_TO
DistributionCenter_43,90083,0,0,0,SHIPS_TO
DistributionCenter_43,90061,0,0,0,SHIPS_TO
DistributionCenter_43,90018,0,0,0,SHIPS_TO
DistributionCenter_43,90029,0,0,0,SHIPS_TO
DistributionCenter_43,90016,0,0,0,SHIPS_TO
DistributionCenter_43,90044,0,0,0,SHIPS_TO
DistributionCenter_43,90045,0,0,0,SHIPS_TO
DistributionCenter_43,90099,0,0,0,SHIPS_TO
DistributionCenter_43,90040,0,0,0,SHIPS_TO
DistributionCenter_44,90031,0,0,0,SHIPS_TO
DistributionCenter_44,90023,0,0,0,SHIPS_TO
DistributionCenter_44,90021,0,0,0,SHIPS_TO
DistributionCenter_44,90174,0,0,0,SHIPS_TO
DistributionCenter_44,90012,0,0,0,SHIPS_TO
DistributionCenter_44,90015,0,0,0,SHIPS_TO
DistributionCenter_45,90014,0,0,0,SHIPS_TO
DistributionCenter_45,90074,0,0,0,SHIPS_TO
DistributionCenter_45,90087,0,0,0,SHIPS_TO
DistributionCenter_45,90017,0,0,0,SHIPS_TO
DistributionCenter_45,90053,0,0,0,SHIPS_TO
DistributionCenter_45,90039,0,0,0,SHIPS_TO
DistributionCenter_45,90070,0,0,0,SHIPS_TO
DistributionCenter_45,90041,0,0,0,SHIPS_TO
DistributionCenter_46,90004,0,0,0,SHIPS_TO
DistributionCenter_46,90019,0,0,0,SHIPS_TO
DistributionCenter_46,90058,0,0,0,SHIPS_TO
DistributionCenter_46,90185,0,0,0,SHIPS_TO
DistributionCenter_46,90066,0,0,0,SHIPS_TO
DistributionCenter_46,90028,0,0,0,SHIPS_TO
DistributionCenter_46,90075,0,0,0,SHIPS_TO
DistributionCenter_46,90073,0,0,0,SHIPS_TO
DistributionCenter_46,90102,0,0,0,SHIPS_TO
DistributionCenter_47,33233,0,0,0,SHIPS_TO
DistributionCenter_47,33296,0,0,0,SHIPS_TO
DistributionCenter_47,33168,0,0,0,SHIPS_TO
DistributionCenter_47,33148,0,0,0,SHIPS_TO
DistributionCenter_47,33110,0,0,0,SHIPS_TO
DistributionCenter_47,33197,0,0,0,SHIPS_TO
DistributionCenter_47,33183,0,0,0,SHIPS_TO
DistributionCenter_48,33102,0,0,0,SHIPS_TO
DistributionCenter_48,33165,0,0,0,SHIPS_TO
DistributionCenter_48,33131,0,0,0,SHIPS_TO
DistributionCenter_48,33257,0,0,0,SHIPS_TO
DistributionCenter_49,33177,0,0,0,SHIPS_TO
DistributionCenter_49,33243,0,0,0,SHIPS_TO
DistributionCenter_49,33174,0,0,0,SHIPS_TO
DistributionCenter_50,33172,0,0,0,SHIPS_TO
DistributionCenter_50,33184,0,0,0,SHIPS_TO
DistributionCenter_50,33192,0,0,0,SHIPS_TO
DistributionCenter_50,33127,0,0,0,SHIPS_TO
DistributionCenter_50,33299,0,0,0,SHIPS_TO
DistributionCenter_51,33187,0,0,0,SHIPS_TO
DistributionCenter_51,33153,0,0,0,SHIPS_TO
DistributionCenter_51,33175,0,0,0,SHIPS_TO
DistributionCenter_51,33242,0,0,0,SHIPS_TO
DistributionCenter_51,33152,0,0,0,SHIPS_TO
DistributionCenter_51,33111,0,0,0,SHIPS_TO
DistributionCenter_51,33269,0,0,0,SHIPS_TO
DistributionCenter_51,33247,0,0,0,SHIPS_TO
DistributionCenter_52,33143,0,0,0,SHIPS_TO
DistributionCenter_52,33146,0,0,0,SHIPS_TO
DistributionCenter_52,33124,0,0,0,SHIPS_TO
DistributionCenter_52,33188,0,0,0,SHIPS_TO
DistributionCenter_52,33283,0,0,0,SHIPS_TO
DistributionCenter_52,33161,0,0,0,SHIPS_TO
DistributionCenter_53,33261,0,0,0,SHIPS_TO
DistributionCenter_53,33238,0,0,0,SHIPS_TO
DistributionCenter_53,33133,0,0,0,SHIPS_TO
DistributionCenter_53,33255,0,0,0,SHIPS_TO
DistributionCenter_53,33116,0,0,0,SHIPS_TO
DistributionCenter_54,33114,0,0,0,SHIPS_TO
DistributionCenter_54,33179,0,0,0,SHIPS_TO
DistributionCenter_54,33196,0,0,0,SHIPS_TO
DistributionCenter_54,33166,0,0,0,SHIPS_TO
DistributionCenter_54,33181,0,0,0,SHIPS_TO
DistributionCenter_54,33173,0,0,0,SHIPS_TO
DistributionCenter_54,33190,0,0,0,SHIPS_TO
DistributionCenter_54,33231,0,0,0,SHIPS_TO
DistributionCenter_54,33121,0,0,0,SHIPS_TO
DistributionCenter_55,33245,0,0,0,SHIPS_TO
DistributionCenter_55,33265,0,0,0,SHIPS_TO
DistributionCenter_55,33138,0,0,0,SHIPS_TO
DistributionCenter_55,33128,0,0,0,SHIPS_TO
DistributionCenter_55,33193,0,0,0,SHIPS_TO
DistributionCenter_55,33122,0,0,0,SHIPS_TO
DistributionCenter_55,33125,0,0,0,SHIPS_TO
DistributionCenter_56,33195,0,0,0,SHIPS_TO
DistributionCenter_56,33151,0,0,0,SHIPS_TO
DistributionCenter_56,33194,0,0,0,SHIPS_TO
DistributionCenter_56,33150,0,0,0,SHIPS_TO
DistributionCenter_56,33234,0,0,0,SHIPS_TO
DistributionCenter_57,33107,0,0,0,SHIPS_TO
DistributionCenter_57,33142,0,0,0,SHIPS_TO
DistributionCenter_57,33162,0,0,0,SHIPS_TO
DistributionCenter_57,33189,0,0,0,SHIPS_TO
DistributionCenter_57,33135,0,0,0,SHIPS_TO
DistributionCenter_57,33144,0,0,0,SHIPS_TO
DistributionCenter_57,33145,0,0,0,SHIPS_TO
DistributionCenter_58,33155,0,0,0,SHIPS_TO
DistributionCenter_58,33158,0,0,0,SHIPS_TO
DistributionCenter_58,33157,0,0,0,SHIPS_TO
DistributionCenter_58,33132,0,0,0,SHIPS_TO
DistributionCenter_59,33176,0,0,0,SHIPS_TO
DistributionCenter_59,33199,0,0,0,SHIPS_TO
DistributionCenter_59,33167,0,0,0,SHIPS_TO
DistributionCenter_59,33186,0,0,0,SHIPS_TO
DistributionCenter_59,33154,0,0,0,SHIPS_TO
DistributionCenter_59,33136,0,0,0,SHIPS_TO
DistributionCenter_59,33129,0,0,0,SHIPS_TO
DistributionCenter_59,33170,0,0,0,SHIPS_TO
DistributionCenter_59,33280,0,0,0,SHIPS_TO
DistributionCenter_60,33130,0,0,0,SHIPS_TO
DistributionCenter_60,33163,0,0,0,SHIPS_TO
DistributionCenter_60,33180,0,0,0,SHIPS_TO
DistributionCenter_60,33156,0,0,0,SHIPS_TO
DistributionCenter_60,33185,0,0,0,SHIPS_TO
DistributionCenter_60,33256,0,0,0,SHIPS_TO
DistributionCenter_60,33164,0,0,0,SHIPS_TO
DistributionCenter_61,33126,0,0,0,SHIPS_TO
DistributionCenter_61,33101,0,0,0,SHIPS_TO
DistributionCenter_61,33134,0,0,0,SHIPS_TO
DistributionCenter_61,33182,0,0,0,SHIPS_TO
DistributionCenter_61,33137,0,0,0,SHIPS_TO
DistributionCenter_62,33178,0,0,0,SHIPS_TO
DistributionCenter_62,33169,0,0,0,SHIPS_TO
DistributionCenter_62,33159,0,0,0,SHIPS_TO
DistributionCenter_62,33147,0,0,0,SHIPS_TO
DistributionCenter_62,33266,0,0,0,SHIPS_TO
DistributionCenter_63,75294,0,0,0,SHIPS_TO
DistributionCenter_63,75255,0,0,0,SHIPS_TO
DistributionCenter_63,75374,0,0,0,SHIPS_TO
DistributionCenter_63,75252,0,0,0,SHIPS_TO
DistributionCenter_63,75275,0,0,0,SHIPS_TO
DistributionCenter_63,75202,0,0,0,SHIPS_TO
DistributionCenter_63,75392,0,0,0,SHIPS_TO
DistributionCenter_64,75355,0,0,0,SHIPS_TO
DistributionCenter_64,75389,0,0,0,SHIPS_TO
DistributionCenter_64,75356,0,0,0,SHIPS_TO
DistributionCenter_64,75270,0,0,0,SHIPS_TO
DistributionCenter_65,75220,0,0,0,SHIPS_TO
DistributionCenter_65,75234,0,0,0,SHIPS_TO
DistributionCenter_65,75368,0,0,0,SHIPS_TO
DistributionCenter_65,75215,0,0,0,SHIPS_TO
DistributionCenter_65,75231,0,0,0,SHIPS_TO
DistributionCenter_65,75251,0,0,0,SHIPS_TO
DistributionCenter_65,75382,0,0,0,SHIPS_TO
DistributionCenter_65,75373,0,0,0,SHIPS_TO
DistributionCenter_66,75379,0,0,0,SHIPS_TO
DistributionCenter_66,75214,0,0,0,SHIPS_TO
DistributionCenter_66,75210,0,0,0,SHIPS_TO
DistributionCenter_66,75246,0,0,0,SHIPS_TO
DistributionCenter_66,75363,0,0,0,SHIPS_TO
DistributionCenter_66,75393,0,0,0,SHIPS_TO
DistributionCenter_67,75216,0,0,0,SHIPS_TO
DistributionCenter_67,75326,0,0,0,SHIPS_TO
DistributionCenter_67,75238,0,0,0,SHIPS_TO
DistributionCenter_67,75242,0,0,0,SHIPS_TO
DistributionCenter_67,75250,0,0,0,SHIPS_TO
DistributionCenter_68,75247,0,0,0,SHIPS_TO
DistributionCenter_68,75207,0,0,0,SHIPS_TO
DistributionCenter_68,75263,0,0,0,SHIPS_TO
DistributionCenter_68,75285,0,0,0,SHIPS_TO
DistributionCenter_68,75223,0,0,0,SHIPS_TO
DistributionCenter_69,75287,0,0,0,SHIPS_TO
DistributionCenter_69,75336,0,0,0,SHIPS_TO
DistributionCenter_69,75323,0,0,0,SHIPS_TO
DistributionCenter_69,75232,0,0,0,SHIPS_TO
DistributionCenter_69,75376,0,0,0,SHIPS_TO
DistributionCenter_69,75283,0,0,0,SHIPS_TO
DistributionCenter_69,75240,0,0,0,SHIPS_TO
DistributionCenter_70,75381,0,0,0,SHIPS_TO
DistributionCenter_70,75388,0,0,0,SHIPS_TO
DistributionCenter_70,75212,0,0,0,SHIPS_TO
DistributionCenter_70,75245,0,0,0,SHIPS_TO
DistributionCenter_70,75204,0,0,0,SHIPS_TO
DistributionCenter_70,75226,0,0,0,SHIPS_TO
DistributionCenter_71,75353,0,0,0,SHIPS_TO
DistributionCenter_71,75264,0,0,0,SHIPS_TO
DistributionCenter_71,75205,0,0,0,SHIPS_TO
DistributionCenter_71,75301,0,0,0,SHIPS_TO
DistributionCenter_71,75230,0,0,0,SHIPS_TO
DistributionCenter_71,75254,0,0,0,SHIPS_TO
DistributionCenter_71,75364,0,0,0,SHIPS_TO
DistributionCenter_71,75221,0,0,0,SHIPS_TO
DistributionCenter_71,75237,0,0,0,SHIPS_TO
DistributionCenter_71,75398,0,0,0,SHIPS_TO
DistributionCenter_71,75357,0,0,0,SHIPS_TO
DistributionCenter_72,75219,0,0,0,SHIPS_TO
DistributionCenter_72,75315,0,0,0,SHIPS_TO
DistributionCenter_72,75228,0,0,0,SHIPS_TO
DistributionCenter_72,75387,0,0,0,SHIPS_TO
DistributionCenter_72,75359,0,0,0,SHIPS_TO
DistributionCenter_72,75262,0,0,0,SHIPS_TO
DistributionCenter_73,75386,0,0,0,SHIPS_TO
DistributionCenter_73,75239,0,0,0,SHIPS_TO
DistributionCenter_73,75222,0,0,0,SHIPS_TO
DistributionCenter_73,75390,0,0,0,SHIPS_TO
DistributionCenter_73,75260,0,0,0,SHIPS_TO
DistributionCenter_73,75229,0,0,0,SHIPS_TO
DistributionCenter_73,75397,0,0,0,SHIPS_TO
DistributionCenter_73,75206,0,0,0,SHIPS_TO
DistributionCenter_73,75235,0,0,0,SHIPS_TO
DistributionCenter_74,75209,0,0,0,SHIPS_TO
DistributionCenter_74,75360,0,0,0,SHIPS_TO
DistributionCenter_74,75201,0,0,0,SHIPS_TO
DistributionCenter_74,75350,0,0,0,SHIPS_TO
DistributionCenter_74,75342,0,0,0,SHIPS_TO
DistributionCenter_74,75346,0,0,0,SHIPS_TO
DistributionCenter_74,75378,0,0,0,SHIPS_TO
DistributionCenter_75,75249,0,0,0,SHIPS_TO
DistributionCenter_75,75236,0,0,0,SHIPS_TO
DistributionCenter_75,75284,0,0,0,SHIPS_TO
DistributionCenter_75,75367,0,0,0,SHIPS_TO
DistributionCenter_75,75248,0,0,0,SHIPS_TO
DistributionCenter_75,75265,0,0,0,SHIPS_TO
DistributionCenter_75,75267,0,0,0,SHIPS_TO
DistributionCenter_75,75225,0,0,0,SHIPS_TO
DistributionCenter_75,75258,0,0,0,SHIPS_TO
DistributionCenter_75,75208,0,0,0,SHIPS_TO
DistributionCenter_75,75313,0,0,0,SHIPS_TO
DistributionCenter_75,75217,0,0,0,SHIPS_TO
DistributionCenter_76,75354,0,0,0,SHIPS_TO
DistributionCenter_76,75396,0,0,0,SHIPS_TO
DistributionCenter_76,75370,0,0,0,SHIPS_TO
DistributionCenter_76,75371,0,0,0,SHIPS_TO
DistributionCenter_77,75310,0,0,0,SHIPS_TO
DistributionCenter_77,75295,0,0,0,SHIPS_TO
DistributionCenter_77,75233,0,0,0,SHIPS_TO
DistributionCenter_77,75320,0,0,0,SHIPS_TO
DistributionCenter_77,75380,0,0,0,SHIPS_TO
DistributionCenter_77,75277,0,0,0,SHIPS_TO
DistributionCenter_77,75227,0,0,0,SHIPS_TO
DistributionCenter_78,75243,0,0,0,SHIPS_TO
DistributionCenter_78,75339,0,0,0,SHIPS_TO
DistributionCenter_78,75394,0,0,0,SHIPS_TO
DistributionCenter_78,75312,0,0,0,SHIPS_TO
DistributionCenter_78,75224,0,0,0,SHIPS_TO
DistributionCenter_78,75303,0,0,0,SHIPS_TO
DistributionCenter_78,75241,0,0,0,SHIPS_TO
DistributionCenter_78,75286,0,0,0,SHIPS_TO
DistributionCenter_79,75244,0,0,0,SHIPS_TO
DistributionCenter_79,75253,0,0,0,SHIPS_TO
DistributionCenter_79,75261,0,0,0,SHIPS_TO
DistributionCenter_79,75211,0,0,0,SHIPS_TO
DistributionCenter_79,75218,0,0,0,SHIPS_TO
DistributionCenter_80,75372,0,0,0,SHIPS_TO
DistributionCenter_80,75395,0,0,0,SHIPS_TO
DistributionCenter_80,75391,0,0,0,SHIPS_TO
DistributionCenter_80,75203,0,0,0,SHIPS_TO
DistributionCenter_80,75266,0,0,0,SHIPS_TO
DistributionCenter_81,37217,0,0,0,SHIPS_TO
DistributionCenter_81,37245,0,0,0,SHIPS_TO
DistributionCenter_81,37238,0,0,0,SHIPS_TO
DistributionCenter_81,37224,0,0,0,SHIPS_TO
DistributionCenter_81,37205,0,0,0,SHIPS_TO
DistributionCenter_81,37229,0,0,0,SHIPS_TO
DistributionCenter_81,37204,0,0,0,SHIPS_TO
DistributionCenter_81,37208,0,0,0,SHIPS_TO
DistributionCenter_82,37247,0,0,0,SHIPS_TO
DistributionCenter_82,37211,0,0,0,SHIPS_TO
DistributionCenter_82,37236,0,0,0,SHIPS_TO
DistributionCenter_82,37207,0,0,0,SHIPS_TO
DistributionCenter_82,37230,0,0,0,SHIPS_TO
DistributionCenter_82,37201,0,0,0,SHIPS_TO
DistributionCenter_82,37232,0,0,0,SHIPS_TO
DistributionCenter_82,37243,0,0,0,SHIPS_TO
DistributionCenter_82,37235,0,0,0,SHIPS_TO
DistributionCenter_83,37242,0,0,0,SHIPS_TO
DistributionCenter_83,37241,0,0,0,SHIPS_TO
DistributionCenter_83,37203,0,0,0,SHIPS_TO
DistributionCenter_83,37221,0,0,0,SHIPS_TO
DistributionCenter_83,37222,0,0,0,SHIPS_TO
DistributionCenter_83,37244,0,0,0,SHIPS_TO
DistributionCenter_84,37212,0,0,0,SHIPS_TO
DistributionCenter_84,37216,0,0,0,SHIPS_TO
DistributionCenter_84,37202,0,0,0,SHIPS_TO
DistributionCenter_84,37246,0,0,0,SHIPS_TO
DistributionCenter_84,37239,0,0,0,SHIPS_TO
DistributionCenter_84,37240,0,0,0,SHIPS_TO
DistributionCenter_85,37209,0,0,0,SHIPS_TO
DistributionCenter_85,37213,0,0,0,SHIPS_TO
DistributionCenter_85,37206,0,0,0,SHIPS_TO
DistributionCenter_85,37250,0,0,0,SHIPS_TO
DistributionCenter_85,37227,0,0,0,SHIPS_TO
DistributionCenter_85,37210,0,0,0,SHIPS_TO
DistributionCenter_86,37228,0,0,0,SHIPS_TO
DistributionCenter_86,37237,0,0,0,SHIPS_TO
DistributionCenter_86,37215,0,0,0,SHIPS_TO
DistributionCenter_86,37249,0,0,0,SHIPS_TO
DistributionCenter_86,37234,0,0,0,SHIPS_TO
DistributionCenter_87,37218,0,0,0,SHIPS_TO
DistributionCenter_87,37214,0,0,0,SHIPS_TO
DistributionCenter_87,37220,0,0,0,SHIPS_TO
DistributionCenter_87,37219,0,0,0,SHIPS_TO
DistributionCenter_88,31150,0,0,0,SHIPS_TO
DistributionCenter_88,30334,0,0,0,SHIPS_TO
DistributionCenter_88,30384,0,0,0,SHIPS_TO
DistributionCenter_88,30339,0,0,0,SHIPS_TO
DistributionCenter_88,30354,0,0,0,SHIPS_TO
DistributionCenter_88,30364,0,0,0,SHIPS_TO
DistributionCenter_88,30370,0,0,0,SHIPS_TO
DistributionCenter_89,30335,0,0,0,SHIPS_TO
DistributionCenter_89,30303,0,0,0,SHIPS_TO
DistributionCenter_89,31139,0,0,0,SHIPS_TO
DistributionCenter_89,31131,0,0,0,SHIPS_TO
DistributionCenter_89,30312,0,0,0,SHIPS_TO
DistributionCenter_89,30881,0,0,0,SHIPS_TO
DistributionCenter_89,30322,0,0,0,SHIPS_TO
DistributionCenter_89,30316,0,0,0,SHIPS_TO
DistributionCenter_89,30380,0,0,0,SHIPS_TO
DistributionCenter_89,30379,0,0,0,SHIPS_TO
DistributionCenter_89,30341,0,0,0,SHIPS_TO
DistributionCenter_89,30327,0,0,0,SHIPS_TO
DistributionCenter_89,30321,0,0,0,SHIPS_TO
DistributionCenter_89,31141,0,0,0,SHIPS_TO
DistributionCenter_89,31107,0,0,0,SHIPS_TO
DistributionCenter_89,30308,0,0,0,SHIPS_TO
DistributionCenter_89,30348,0,0,0,SHIPS_TO
DistributionCenter_89,30374,0,0,0,SHIPS_TO
DistributionCenter_90,30378,0,0,0,SHIPS_TO
DistributionCenter_90,30358,0,0,0,SHIPS_TO
DistributionCenter_90,30390,0,0,0,SHIPS_TO
DistributionCenter_90,30343,0,0,0,SHIPS_TO
DistributionCenter_90,30309,0,0,0,SHIPS_TO
DistributionCenter_90,30330,0,0,0,SHIPS_TO
DistributionCenter_90,31193,0,0,0,SHIPS_TO
DistributionCenter_91,30399,0,0,0,SHIPS_TO
DistributionCenter_91,30338,0,0,0,SHIPS_TO
DistributionCenter_91,31119,0,0,0,SHIPS_TO
DistributionCenter_91,31126,0,0,0,SHIPS_TO
DistributionCenter_91,30317,0,0,0,SHIPS_TO
DistributionCenter_91,30356,0,0,0,SHIPS_TO
DistributionCenter_91,31106,0,0,0,SHIPS_TO
DistributionCenter_92,30377,0,0,0,SHIPS_TO
DistributionCenter_92,30302,0,0,0,SHIPS_TO
DistributionCenter_92,30337,0,0,0,SHIPS_TO
DistributionCenter_92,30367,0,0,0,SHIPS_TO
DistributionCenter_92,30353,0,0,0,SHIPS_TO
DistributionCenter_92,30307,0,0,0,SHIPS_TO
DistributionCenter_92,30333,0,0,0,SHIPS_TO
DistributionCenter_92,30320,0,0,0,SHIPS_TO
DistributionCenter_92,30360,0,0,0,SHIPS_TO
DistributionCenter_92,30340,0,0,0,SHIPS_TO
DistributionCenter_93,31156,0,0,0,SHIPS_TO
DistributionCenter_93,30368,0,0,0,SHIPS_TO
DistributionCenter_93,30359,0,0,0,SHIPS_TO
DistributionCenter_93,30311,0,0,0,SHIPS_TO
DistributionCenter_93,30386,0,0,0,SHIPS_TO
DistributionCenter_93,30381,0,0,0,SHIPS_TO
DistributionCenter_93,30336,0,0,0,SHIPS_TO
DistributionCenter_93,30328,0,0,0,SHIPS_TO
DistributionCenter_93,31192,0,0,0,SHIPS_TO
DistributionCenter_93,30369,0,0,0,SHIPS_TO
DistributionCenter_93,39901,0,0,0,SHIPS_TO
DistributionCenter_93,31191,0,0,0,SHIPS_TO
DistributionCenter_93,30306,0,0,0,SHIPS_TO
DistributionCenter_93,30365,0,0,0,SHIPS_TO
DistributionCenter_93,30344,0,0,0,SHIPS_TO
DistributionCenter_94,30331,0,0,0,SHIPS_TO
DistributionCenter_94,30318,0,0,0,SHIPS_TO
DistributionCenter_94,30326,0,0,0,SHIPS_TO
DistributionCenter_94,30323,0,0,0,SHIPS_TO
DistributionCenter_94,30325,0,0,0,SHIPS_TO
DistributionCenter_94,30388,0,0,0,SHIPS_TO
DistributionCenter_94,30329,0,0,0,SHIPS_TO
DistributionCenter_94,30304,0,0,0,SHIPS_TO
DistributionCenter_94,30392,0,0,0,SHIPS_TO
DistributionCenter_94,30350,0,0,0,SHIPS_TO
DistributionCenter_94,30376,0,0,0,SHIPS_TO
DistributionCenter_94,30351,0,0,0,SHIPS_TO
DistributionCenter_94,30313,0,0,0,SHIPS_TO
DistributionCenter_94,31198,0,0,0,SHIPS_TO
DistributionCenter_94,30389,0,0,0,SHIPS_TO
DistributionCenter_94,30314,0,0,0,SHIPS_TO
DistributionCenter_94,30363,0,0,0,SHIPS_TO
DistributionCenter_94,30342,0,0,0,SHIPS_TO
DistributionCenter_94,31195,0,0,0,SHIPS_TO
DistributionCenter_95,30301,0,0,0,SHIPS_TO
DistributionCenter_95,30366,0,0,0,SHIPS_TO
DistributionCenter_95,30394,0,0,0,SHIPS_TO
DistributionCenter_95,30319,0,0,0,SHIPS_TO
DistributionCenter_95,30385,0,0,0,SHIPS_TO
DistributionCenter_95,31145,0,0,0,SHIPS_TO
DistributionCenter_95,30398,0,0,0,SHIPS_TO
DistributionCenter_95,30375,0,0,0,SHIPS_TO
DistributionCenter_95,30387,0,0,0,SHIPS_TO
DistributionCenter_95,30357,0,0,0,SHIPS_TO
DistributionCenter_95,30310,0,0,0,SHIPS_TO
DistributionCenter_95,30332,0,0,0,SHIPS_TO
DistributionCenter_95,31199,0,0,0,SHIPS_TO
DistributionCenter_95,30315,0,0,0,SHIPS_TO
DistributionCenter_95,30355,0,0,0,SHIPS_TO
DistributionCenter_95,30362,0,0,0,SHIPS_TO
DistributionCenter_95,75551,0,0,0,SHIPS_TO
DistributionCenter_96,30347,0,0,0,SHIPS_TO
DistributionCenter_96,31146,0,0,0,SHIPS_TO
DistributionCenter_96,30345,0,0,0,SHIPS_TO
DistributionCenter_96,30346,0,0,0,SHIPS_TO
DistributionCenter_96,30349,0,0,0,SHIPS_TO
DistributionCenter_96,49709,0,0,0,SHIPS_TO
DistributionCenter_96,30396,0,0,0,SHIPS_TO
DistributionCenter_96,31197,0,0,0,SHIPS_TO
DistributionCenter_97,30371,0,0,0,SHIPS_TO
DistributionCenter_97,30324,0,0,0,SHIPS_TO
DistributionCenter_97,30361,0,0,0,SHIPS_TO
DistributionCenter_97,31196,0,0,0,SHIPS_TO
DistributionCenter_97,30305,0,0,0,SHIPS_TO
DistributionCenter_97,28511,0,0,0,SHIPS_TO
DistributionCenter_97,16111,0,0,0,SHIPS_TO
DistributionCenter_97,50022,0,0,0,SHIPS_TO
DistributionCenter_97,23303,0,0,0,SHIPS_TO
